name	page	window_size	skin
applications	applications	1180x780	gnome-light
performance	performance	1180x780	gnome-light
services	services	1180x780	gnome-light
service-logs	service-logs	1180x780	gnome-light
system	system	1180x780	gnome-light
startup	startup	1180x780	gnome-light
users	users	1180x780	gnome-light
alerts	alerts	1180x780	gnome-light
settings	settings	1180x780	gnome-light
app-history	app-history	1180x780	gnome-light
containers	containers	1180x780	gnome-light
applications-compact	applications	720x480	gnome-light
performance-compact	performance	720x480	gnome-light
services-compact	services	720x480	gnome-light
service-logs-compact	services	720x480	gnome-light
system-compact	system	720x480	gnome-light
startup-compact	startup	720x480	gnome-light
users-compact	users	720x480	gnome-light
alerts-compact	alerts	720x480	gnome-light
settings-compact	settings	720x480	gnome-light
app-history-compact	app-history	720x480	gnome-light
containers-compact	containers	720x480	gnome-light
performance-dark	performance	1180x780	gnome-dark
perf-memory	perf-memory	1180x780	gnome-light
perf-memory-compact	perf-memory	720x480	gnome-light
perf-disk	perf-disk	1180x780	gnome-light
perf-disk-compact	perf-disk	720x480	gnome-light
perf-network	perf-network	1180x780	gnome-light
perf-network-compact	perf-network	720x480	gnome-light
perf-gpu	perf-gpu	1180x780	gnome-light
perf-gpu-compact	perf-gpu	720x480	gnome-light
perf-battery	perf-battery	1180x780	gnome-light
perf-battery-compact	perf-battery	720x480	gnome-light
applications-dark	applications	1180x780	gnome-dark
applications-compact-dark	applications	720x480	gnome-dark
services-dark	services	1180x780	gnome-dark
services-compact-dark	services	720x480	gnome-dark
system-dark	system	1180x780	gnome-dark
system-compact-dark	system	720x480	gnome-dark
startup-dark	startup	1180x780	gnome-dark
startup-compact-dark	startup	720x480	gnome-dark
users-dark	users	1180x780	gnome-dark
users-compact-dark	users	720x480	gnome-dark
alerts-dark	alerts	1180x780	gnome-dark
alerts-compact-dark	alerts	720x480	gnome-dark
settings-dark	settings	1180x780	gnome-dark
settings-compact-dark	settings	720x480	gnome-dark
app-history-dark	app-history	1180x780	gnome-dark
app-history-compact-dark	app-history	720x480	gnome-dark
containers-dark	containers	1180x780	gnome-dark
containers-compact-dark	containers	720x480	gnome-dark
service-logs-dark	service-logs	1180x780	gnome-dark
service-logs-compact-dark	service-logs	720x480	gnome-dark
performance-compact-dark	performance	720x480	gnome-dark
perf-memory-dark	perf-memory	1180x780	gnome-dark
perf-disk-dark	perf-disk	1180x780	gnome-dark
perf-network-dark	perf-network	1180x780	gnome-dark
perf-gpu-dark	perf-gpu	1180x780	gnome-dark
perf-battery-dark	perf-battery	1180x780	gnome-dark
cpu-windows-dark	performance	1180x780	windows-dark
cpu-macos-light	performance	1180x780	macos-light
cpu-kde-dark	performance	1180x780	kde-dark
cpu-eyeforest	performance	1180x780	gnome-eyeforest
applications-windows-dark	applications	1180x780	windows-dark
applications-macos-light	applications	1180x780	macos-light
applications-kde-dark	applications	1180x780	kde-dark
applications-eyeforest	applications	1180x780	gnome-eyeforest
services-windows-dark	services	1180x780	windows-dark
services-macos-light	services	1180x780	macos-light
services-kde-dark	services	1180x780	kde-dark
system-windows-dark	system	1180x780	windows-dark
system-macos-light	system	1180x780	macos-light
system-kde-dark	system	1180x780	kde-dark
startup-windows-dark	startup	1180x780	windows-dark
startup-macos-light	startup	1180x780	macos-light
users-windows-dark	users	1180x780	windows-dark
users-macos-light	users	1180x780	macos-light
perf-cpu	performance	1180x780	gnome-light
perf-memory-compact-dark	perf-memory	720x480	gnome-dark
perf-disk-compact-dark	perf-disk	720x480	gnome-dark
perf-network-compact-dark	perf-network	720x480	gnome-dark
perf-gpu-compact-dark	perf-gpu	720x480	gnome-dark
perf-battery-compact-dark	perf-battery	720x480	gnome-dark
performance-wide	performance	1180x780	gnome-light
perf-cpu-compact	performance	720x480	gnome-light
perf-cpu-dark	performance	1180x780	gnome-dark
perf-cpu-compact-dark	performance	720x480	gnome-dark
settings-windows-dark	settings	1180x780	windows-dark
settings-macos-light	settings	1180x780	macos-light
settings-kde-dark	settings	1180x780	kde-dark
alerts-windows-dark	alerts	1180x780	windows-dark
containers-windows-dark	containers	1180x780	windows-dark
process-force-kill	process-force-kill	1180x780	gnome-light
process-force-kill-compact	process-force-kill	720x480	gnome-light
process-tree-confirm	process-tree-confirm	1180x780	gnome-light
process-tree-confirm-compact	process-tree-confirm	720x480	gnome-light
process-batch-confirm	process-batch-confirm	1180x780	gnome-light
process-batch-confirm-compact	process-batch-confirm	720x480	gnome-light
smart-self-test-confirm	smart-self-test-confirm	1180x780	gnome-light
smart-self-test-confirm-compact	smart-self-test-confirm	720x480	gnome-light
