name	page	device	columns	lines	skin
applications	applications	default	120	36	gnome-dark
applications-compact	applications	default	54	16	gnome-dark
cpu	performance	cpu	120	36	gnome-dark
cpu-compact	performance	cpu	54	16	gnome-dark
cpu-light	performance	cpu	120	36	gnome-light
memory	performance	memory	120	36	gnome-dark
memory-compact	performance	memory	54	16	gnome-dark
disk	performance	disk	120	36	gnome-dark
disk-compact	performance	disk	54	16	gnome-dark
network	performance	network	120	36	gnome-dark
network-compact	performance	network	54	16	gnome-dark
gpu	performance	gpu	120	36	gnome-dark
gpu-compact	performance	gpu	54	16	gnome-dark
battery	performance	battery	120	36	gnome-dark
battery-compact	performance	battery	54	16	gnome-dark
fan	performance	fan	120	36	gnome-dark
fan-compact	performance	fan	54	16	gnome-dark
services	services	default	120	36	gnome-dark
services-compact	services	default	54	16	gnome-dark
system	system	default	120	36	gnome-dark
system-compact	system	default	54	16	gnome-dark
startup	startup	default	120	36	gnome-dark
startup-compact	startup	default	54	16	gnome-dark
users	users	default	120	36	gnome-dark
users-compact	users	default	54	16	gnome-dark
app-history	app-history	default	120	36	gnome-dark
app-history-compact	app-history	default	54	16	gnome-dark
applications-light	applications	default	120	36	gnome-light
applications-compact-light	applications	default	54	16	gnome-light
cpu-compact-light	performance	cpu	54	16	gnome-light
memory-light	performance	memory	120	36	gnome-light
memory-compact-light	performance	memory	54	16	gnome-light
disk-light	performance	disk	120	36	gnome-light
disk-compact-light	performance	disk	54	16	gnome-light
network-light	performance	network	120	36	gnome-light
network-compact-light	performance	network	54	16	gnome-light
gpu-light	performance	gpu	120	36	gnome-light
gpu-compact-light	performance	gpu	54	16	gnome-light
battery-light	performance	battery	120	36	gnome-light
battery-compact-light	performance	battery	54	16	gnome-light
fan-light	performance	fan	120	36	gnome-light
fan-compact-light	performance	fan	54	16	gnome-light
services-light	services	default	120	36	gnome-light
services-compact-light	services	default	54	16	gnome-light
system-light	system	default	120	36	gnome-light
system-compact-light	system	default	54	16	gnome-light
startup-light	startup	default	120	36	gnome-light
startup-compact-light	startup	default	54	16	gnome-light
users-light	users	default	120	36	gnome-light
users-compact-light	users	default	54	16	gnome-light
app-history-light	app-history	default	120	36	gnome-light
app-history-compact-light	app-history	default	54	16	gnome-light
cpu-windows-dark	performance	cpu	120	36	windows-dark
cpu-macos-light	performance	cpu	120	36	macos-light
cpu-kde-dark	performance	cpu	120	36	kde-dark
cpu-eyeforest	performance	cpu	120	36	gnome-eyeforest
applications-windows-dark	applications	default	120	36	windows-dark
applications-macos-light	applications	default	120	36	macos-light
applications-kde-dark	applications	default	120	36	kde-dark
applications-eyeforest	applications	default	120	36	gnome-eyeforest
services-windows-dark	services	default	120	36	windows-dark
services-macos-light	services	default	120	36	macos-light
services-kde-dark	services	default	120	36	kde-dark
system-windows-dark	system	default	120	36	windows-dark
system-macos-light	system	default	120	36	macos-light
system-kde-dark	system	default	120	36	kde-dark
startup-windows-dark	startup	default	120	36	windows-dark
startup-macos-light	startup	default	120	36	macos-light
users-windows-dark	users	default	120	36	windows-dark
users-macos-light	users	default	120	36	macos-light
cpu-80x24	performance	cpu	80	24	gnome-dark
applications-80x24	applications	default	80	24	gnome-dark
services-80x24	services	default	80	24	gnome-dark
system-80x24	system	default	80	24	gnome-dark
startup-80x24	startup	default	80	24	gnome-dark
users-80x24	users	default	80	24	gnome-dark
app-history-80x24	app-history	default	80	24	gnome-dark
memory-80x24	performance	memory	80	24	gnome-dark
disk-80x24	performance	disk	80	24	gnome-dark
network-80x24	performance	network	80	24	gnome-dark
gpu-80x24	performance	gpu	80	24	gnome-dark
battery-80x24	performance	battery	80	24	gnome-dark
fan-80x24	performance	fan	80	24	gnome-dark
cpu-wide	performance	cpu	160	45	gnome-dark
applications-wide	applications	default	160	45	gnome-dark
